simplicial_motif_index, count
0,15665202.986667
1,6188033.920000
2,1282205.226667
3,5351813.120000
4,408819.057778
5,1177677.626667
6,97559.093333
8,66200.813333
9,13937.013333
