simplicial_motif_index, count
0,16316639.616000
1,5132717.760000
2,1080572.160000
3,5673003.840000
4,324171.648000
5,959007.792000
6,114810.792000
8,94550.064000
9,10130.364000
