simplicial_motif_index, count
0,15186613.120000
1,6405238.186667
2,1058930.506667
3,5337698.488889
4,206620.586667
5,871680.600000
6,122680.973333
8,74254.273333
9,3228.446667
