simplicial_motif_index, count
0,19442257.920000
1,5940689.920000
2,945109.760000
3,4860564.480000
4,540062.720000
5,945109.760000
6,135015.680000
