simplicial_motif_index, count
0,14369706.464000
1,6996486.293333
2,1089837.288000
3,5633068.451556
4,340854.460444
5,1002381.209333
6,87456.078667
8,80728.688000
9,10091.086000
