simplicial_motif_index, count
0,16363455.146667
1,4090863.786667
2,894876.453333
3,5454485.048889
4,340905.315556
5,958796.200000
6,63919.746667
8,31959.873333
9,63919.746667
