simplicial_motif_index, count
0,15864032.554667
1,6124721.429333
2,803242.154667
3,5271276.640000
4,267747.384889
5,803242.154667
6,62753.293333
8,72166.287333
9,15688.323333
10,3137.664667
