simplicial_motif_index, count
0,16207020.800000
1,6266714.709333
2,1175009.008000
3,5654449.479111
4,288124.814222
5,877880.293333
6,74282.178667
8,74282.178667
9,10129.388000
10,3376.462667
