simplicial_motif_index, count
0,14294574.720000
1,5876658.496000
2,1125035.973333
3,5611944.149333
4,370600.085333
5,1058857.386667
6,79414.304000
8,59560.728000
9,16544.646667
