simplicial_motif_index, count
0,12907682.666667
1,7744609.600000
2,645384.133333
3,5163073.066667
4,172102.435556
5,1226229.853333
8,161346.033333
