simplicial_motif_index, count
0,10162730.133333
1,7488327.466667
2,1069761.066667
3,7310033.955556
4,178293.511111
5,869180.866667
6,133720.133333
8,33430.033333
9,33430.033333
