simplicial_motif_index, count
0,20993361.066667
1,5773174.293333
2,1049668.053333
3,3323948.835556
4,174944.675556
5,1115272.306667
6,196812.760000
9,32802.126667
