simplicial_motif_index, count
0,16068384.106667
1,6590760.938667
2,885122.853333
3,5446909.866667
4,363127.324444
5,1082573.336000
6,95320.922667
8,81703.648000
9,6808.637333
