simplicial_motif_index, count
0,18196322.666667
1,4159159.466667
2,519894.933333
3,6238739.200000
4,173298.311111
5,714855.533333
6,64986.866667
8,97480.300000
10,32493.433333
