simplicial_motif_index, count
0,17132246.400000
1,7054454.400000
2,755834.400000
3,4199080.000000
4,503889.600000
5,692848.200000
6,314931.000000
8,62986.200000
