simplicial_motif_index, count
0,12666424.000000
1,5573226.560000
2,1139978.160000
3,5066569.600000
4,337771.306667
5,1203310.280000
6,189996.360000
8,31666.060000
