simplicial_motif_index, count
0,15807650.986667
1,7086188.373333
2,1771547.093333
3,4542428.444444
4,363394.275556
5,953909.973333
6,136272.853333
8,68136.426667
