simplicial_motif_index, count
0,16638197.653333
1,5903876.586667
2,805074.080000
3,6082781.937778
4,357810.702222
5,805074.080000
6,67089.506667
8,67089.506667
9,33544.753333
