simplicial_motif_index, count
0,14603241.792000
1,6132322.176000
2,1117329.888000
3,5266174.976000
4,415750.656000
5,902958.456000
6,129922.080000
7,6496.104000
8,68209.092000
9,19488.312000
